id,first_name,last_name
1,Michael,P.
2,Shawn,M.
3,Kathleen,P.
4,Jimmy,C.
5,Katherine,R.
6,Sarah,R.
7,Martin,M.
8,Frank,R.
9,Jennifer,F.
10,Henry,W.
11,Fred,S.
12,Amy,D.
13,Kathleen,M.
14,Amanda,M.
15,Samantha,H.
16,Erica,Z.
17,Ashley,C.
18,Brian,K.
19,Teresa,S.
20,Amy,M.
21,Stephanie,T.
22,Adam,S.
23,Kimberly,D.
24,Patricia,C.
25,Emily,D.
26,Brandon,T.
27,Melissa,T.
28,Tiffany,G.
29,Paula,H.
30,Anthony,H.
31,Gary,M.
32,Carlos,C.
33,Sharon,F.
34,Carolyn,L.
35,Gary,D.
36,Juan,S.
37,Amy,G.
38,Jessica,T.
39,Jessica,H.
40,Ryan,C.
41,William,C.
42,Maria,M.
43,Lisa,L.
44,Doris,H.
45,Linda,R.
46,Mildred,D.
47,Virginia,E.
48,Dorothy,J.
49,Andrew,R.
50,Lisa,S.
51,Dorothy,M.
52,George,J.
53,Heather,G.
54,Ryan,A.
55,Lori,F.
56,Elizabeth,H.
57,Justin,A.
58,Jacqueline,G.
59,Shirley,M.
60,Nicole,S.
61,Deborah,H.
62,Wanda,H.
63,Melissa,G.
64,Carol,M.
65,Rebecca,G.
66,Donna,C.
67,Aaron,O.
68,Brandon,W.
69,Julia,B.
70,Kathryn,H.
71,Janet,F.
72,Sandra,T.
73,Beverly,B.
74,Lisa,A.
75,Theresa,W.
76,Brenda,M.
77,Judy,M.
78,Ann,D.
79,Scott,R.
80,Jason,H.
81,Rachel,J.
82,Crystal,H.
83,Sara,M.
84,Evelyn,P.
85,Susan,B.
86,Denise,M.
87,Christine,O.
88,Julie,O.
89,Kathleen,G.
90,Joan,D.
91,Alice,C.
92,Rose,D.
93,Jennifer,O.
94,Julia,B.
95,Marie,W.
96,Diana,R.
97,Christina,G.
98,Karen,B.
99,Judith,L.
100,Helen,F.
